{"_runtime":0,"test_dataset_ids":["ds_0043","ds_0079","ds_0070","ds_0085","ds_0047","ds_0088","ds_0056","ds_0055","ds_0072","ds_0049"],"data/num_datasets_total":50,"best_val_acc":0.6456400742115028,"_timestamp":1.7599208297591e+09,"_step":0,"train_dataset_ids":["ds_0042","ds_0014","ds_0077","ds_0018","ds_0013","ds_0016","ds_0081","ds_0086","ds_0087","ds_0045","ds_0019","ds_0046","ds_0054","ds_0074","ds_0071","ds_0010","ds_0084","ds_0057","ds_0073","ds_0015","ds_0059","ds_0041","ds_0076","ds_0011","ds_0051","ds_0012","ds_0083","ds_0075","ds_0053","ds_0080","ds_0040","ds_0052","ds_0048","ds_0089","ds_0050","ds_0017","ds_0082","ds_0044","ds_0058","ds_0078"],"data/num_train":5,"data/num_test":10,"_wandb":{"runtime":0}}