{"epoch":1,"_timestamp":1.7657379320450265e+09,"val/loss_ce":1.4418031921281533,"_step":1,"_runtime":23.550846238,"val/regret":3.212002660667804,"lr":0.001,"val/acc":0.012658227848101266,"_wandb":{"runtime":23},"train/loss_ce":1.3939507097005843,"val/regret_pct":-178.56919940018602}