{"_wandb":{"runtime":13},"epoch":1,"_step":1,"val/acc":0.012658227848101266,"train/loss_ce":1.4458552449941635,"val/regret":2.4927554858041887,"val/regret_pct":-120.20155826464399,"_timestamp":1.765816447244518e+09,"_runtime":13.650540878,"val/loss_ce":1.475737124304228,"lr":0.001}