{"lr":0.001,"_runtime":15.441581808,"epoch":0,"val/loss_ce":1.4838419239732283,"val/acc":0.012658227848101266,"train/loss_ce":1.4564378887414933,"_step":0,"_timestamp":1.7657470979676037e+09,"val/regret":2.9997638384184806,"_wandb":{"runtime":15},"val/regret_pct":-160.62858492443632}