{
  "c5c59814-cff1-4ec5-8ff7-7515f090ead9": {
    "name": "c5c59814-cff1-4ec5-8ff7-7515f090ead9",
    "platforms": [
      "rpiCpu",
      "xavierCpu",
      "xavierGpu",
      "pynqFpga"
    ],
    "memoryRequirements": {
      "rpiCpu": 0.064785129897381,
      "pynqFpga": 0.0,
      "xavierGpu": 0.8745992536146435,
      "xavierCpu": 0.06802438639225006
    },
    "coldStartDuration": {
      "rpiCpu": 0.3046439037012973,
      "pynqFpga": 0.9139317111038918,
      "xavierGpu": 5.483590266623351,
      "xavierCpu": 0.06092878074025946
    },
    "executionTime": {
      "rpiCpu": 2.941918967375364e-05,
      "pynqFpga": 5.883837934750728e-06,
      "xavierGpu": 0.0002206439225531523,
      "xavierCpu": 1.0296716385813773e-05
    },
    "energy": {
      "rpiCpu": 1.3732465054640082e-05,
      "pynqFpga": 2.746493010928016e-07,
      "xavierGpu": 6.179609274588037e-05,
      "xavierCpu": 1.2633867850268875e-05
    },
    "imageSize": {
      "rpiCpu": 3.0723006051169497,
      "pynqFpga": 0.0030723006051169496,
      "xavierGpu": 2.9186855748611022,
      "xavierCpu": 2.9186855748611022
    },
    "stateSize": {
      "nofs-c5c59814-cff1-4ec5-8ff7-7515f090ead9": {
        "input": 153600,
        "output": 8000
      }
    }
  },
  "b90b4916-0c0a-49e2-82a4-b7a88a76ddb2": {
    "name": "b90b4916-0c0a-49e2-82a4-b7a88a76ddb2",
    "platforms": [
      "rpiCpu",
      "xavierCpu",
      "xavierGpu",
      "pynqFpga"
    ],
    "memoryRequirements": {
      "rpiCpu": 0.06122195065256536,
      "pynqFpga": 0.0,
      "xavierGpu": 0.8264963338096324,
      "xavierCpu": 0.06428304818519363
    },
    "coldStartDuration": {
      "rpiCpu": 0.32673843301848354,
      "pynqFpga": 0.9802152990554507,
      "xavierGpu": 5.881291794332704,
      "xavierCpu": 0.0653476866036967
    },
    "executionTime": {
      "rpiCpu": 2.642778569518668e-05,
      "pynqFpga": 5.285557139037336e-06,
      "xavierGpu": 0.0001982083927139001,
      "xavierCpu": 9.249724993315337e-06
    },
    "energy": {
      "rpiCpu": 1.3252090390136805e-05,
      "pynqFpga": 2.6504180780273613e-07,
      "xavierGpu": 5.9634406755615625e-05,
      "xavierCpu": 1.2191923158925862e-05
    },
    "imageSize": {
      "rpiCpu": 3.036271975350098,
      "pynqFpga": 0.003036271975350098,
      "xavierGpu": 2.884458376582593,
      "xavierCpu": 2.884458376582593
    },
    "stateSize": {
      "nofs-b90b4916-0c0a-49e2-82a4-b7a88a76ddb2": {
        "input": 153600,
        "output": 8000
      }
    }
  },
  "aac3b3aa-1d53-4c74-aaf3-de5f9c709384": {
    "name": "aac3b3aa-1d53-4c74-aaf3-de5f9c709384",
    "platforms": [
      "rpiCpu",
      "xavierCpu",
      "xavierGpu",
      "pynqFpga"
    ],
    "memoryRequirements": {
      "rpiCpu": 0.06296291566936628,
      "pynqFpga": 0.0,
      "xavierGpu": 0.8499993615364447,
      "xavierCpu": 0.0661110614528346
    },
    "coldStartDuration": {
      "rpiCpu": 0.3278723752339927,
      "pynqFpga": 0.9836171257019781,
      "xavierGpu": 5.901702754211868,
      "xavierCpu": 0.06557447504679854
    },
    "executionTime": {
      "rpiCpu": 2.823151803011555e-05,
      "pynqFpga": 5.646303606023111e-06,
      "xavierGpu": 0.00021173638522586663,
      "xavierCpu": 9.881031310540441e-06
    },
    "energy": {
      "rpiCpu": 1.3255081394666998e-05,
      "pynqFpga": 2.6510162789333996e-07,
      "xavierGpu": 5.9647866276001494e-05,
      "xavierCpu": 1.219467488309364e-05
    },
    "imageSize": {
      "rpiCpu": 3.016833014659195,
      "pynqFpga": 0.003016833014659195,
      "xavierGpu": 2.865991363926235,
      "xavierCpu": 2.865991363926235
    },
    "stateSize": {
      "nofs-aac3b3aa-1d53-4c74-aaf3-de5f9c709384": {
        "input": 153600,
        "output": 8000
      }
    }
  },
  "f16d9569-d7c4-4227-9899-bba61322e174": {
    "name": "f16d9569-d7c4-4227-9899-bba61322e174",
    "platforms": [
      "rpiCpu",
      "xavierCpu",
      "xavierGpu",
      "pynqFpga"
    ],
    "memoryRequirements": {
      "rpiCpu": 0.06884648860333706,
      "pynqFpga": 0.0,
      "xavierGpu": 0.9294275961450503,
      "xavierCpu": 0.07228881303350392
    },
    "coldStartDuration": {
      "rpiCpu": 0.3549540209033971,
      "pynqFpga": 1.0648620627101915,
      "xavierGpu": 6.389172376261148,
      "xavierCpu": 0.07099080418067942
    },
    "executionTime": {
      "rpiCpu": 2.9025291332477057e-05,
      "pynqFpga": 5.8050582664954115e-06,
      "xavierGpu": 0.00021768968499357794,
      "xavierCpu": 1.015885196636697e-05
    },
    "energy": {
      "rpiCpu": 1.3688988097953512e-05,
      "pynqFpga": 2.7377976195907025e-07,
      "xavierGpu": 6.160044644079081e-05,
      "xavierCpu": 1.2593869050117232e-05
    },
    "imageSize": {
      "rpiCpu": 3.0603962571673224,
      "pynqFpga": 0.0030603962571673225,
      "xavierGpu": 2.907376444308956,
      "xavierCpu": 2.907376444308956
    },
    "stateSize": {
      "nofs-f16d9569-d7c4-4227-9899-bba61322e174": {
        "input": 153600,
        "output": 8000
      }
    }
  },
  "0dad301c-9f81-477b-8782-3ea6d61f44f5": {
    "name": "0dad301c-9f81-477b-8782-3ea6d61f44f5",
    "platforms": [
      "rpiCpu",
      "xavierCpu",
      "xavierGpu",
      "pynqFpga"
    ],
    "memoryRequirements": {
      "rpiCpu": 0.06326050357544201,
      "pynqFpga": 0.0,
      "xavierGpu": 0.8540167982684671,
      "xavierCpu": 0.06642352875421412
    },
    "coldStartDuration": {
      "rpiCpu": 0.31006348073795664,
      "pynqFpga": 0.9301904422138699,
      "xavierGpu": 5.581142653283219,
      "xavierCpu": 0.062012696147591334
    },
    "executionTime": {
      "rpiCpu": 3.0515759613886706e-05,
      "pynqFpga": 6.103151922777342e-06,
      "xavierGpu": 0.0002288681971041503,
      "xavierCpu": 1.0680515864860346e-05
    },
    "energy": {
      "rpiCpu": 1.3222474178197968e-05,
      "pynqFpga": 2.6444948356395935e-07,
      "xavierGpu": 5.950113380189086e-05,
      "xavierCpu": 1.2164676243942131e-05
    },
    "imageSize": {
      "rpiCpu": 3.0412783542331545,
      "pynqFpga": 0.0030412783542331547,
      "xavierGpu": 2.8892144365214967,
      "xavierCpu": 2.8892144365214967
    },
    "stateSize": {
      "nofs-0dad301c-9f81-477b-8782-3ea6d61f44f5": {
        "input": 153600,
        "output": 8000
      }
    }
  }
}