{"_wandb":{"runtime":17},"lr":0.001,"train/loss_ce":1.457034021615982,"_runtime":17.033494385,"_step":0,"val/loss_ce":1.483949999266033,"val/acc":0.012658227848101266,"_timestamp":1.7657474260148346e+09,"val/regret_pct":-154.621211981211,"epoch":0,"val/regret":3.387366565486929}