{
  "network_maps": {
    "client_node0": {
      "node1": 0.11861004428244444,
      "node3": 0.11634706445300605,
      "node4": 0.08886784998104963,
      "node5": 0.1153938196796254,
      "node6": 0.14711059513537736,
      "node7": 0.08773146514924364,
      "node8": 0.12159135492880821,
      "node9": 0.09716822638085332
    },
    "client_node1": {
      "node0": 0.10549707674717754,
      "node1": 0.038330708164840625,
      "node2": 0.09217159247748487,
      "node3": 0.11293565977362213,
      "node7": 0.045171133348082745,
      "node8": 0.09618217728867204
    },
    "client_node2": {
      "node0": 0.09712843252223732,
      "node2": 0.05218661604144009,
      "node4": 0.10257641846519125,
      "node5": 0.053458228283962676,
      "node6": 0.06525912330365606,
      "node7": 0.10739470839228991,
      "node9": 0.11219109569136458
    },
    "client_node3": {
      "node0": 0.09984517160345244,
      "node2": 0.12959924112627338,
      "node5": 0.06672490719911367,
      "node6": 0.08457654083832311
    },
    "client_node4": {
      "node0": 0.10822898048456647,
      "node4": 0.037153294957998156,
      "node8": 0.11558288901111813,
      "node9": 0.1182849392741876
    },
    "client_node5": {
      "node1": 0.08270210863935307,
      "node4": 0.08229973321930027,
      "node5": 0.13245015988318232,
      "node6": 0.13498075911643764,
      "node7": 0.08817752403765353,
      "node8": 0.14810313716550122
    },
    "client_node6": {
      "node0": 0.059562495559897316,
      "node3": 0.11330457433721716,
      "node5": 0.10555000486639624,
      "node7": 0.09092985435463667
    },
    "client_node7": {
      "node1": 0.0674789712231611,
      "node2": 0.10715541790853167,
      "node4": 0.03217328272611716,
      "node5": 0.08265167421583756,
      "node6": 0.08481780384357389,
      "node7": 0.044797333486015146,
      "node8": 0.10660375779938727
    },
    "client_node8": {
      "node1": 0.10651444602799756,
      "node3": 0.10366733464962805,
      "node4": 0.10703612992200925,
      "node6": 0.09481002640936129,
      "node7": 0.09187574796418935,
      "node8": 0.05496141655606728
    },
    "client_node9": {
      "node1": 0.10666658730853339,
      "node2": 0.11683048498896545,
      "node5": 0.1386848554721203,
      "node7": 0.09647269842846873,
      "node8": 0.08193071172836032
    },
    "node0": {
      "client_node1": 0.10549707674717754,
      "client_node2": 0.09712843252223732,
      "client_node3": 0.09984517160345244,
      "client_node4": 0.10822898048456647,
      "client_node6": 0.059562495559897316
    },
    "node1": {
      "client_node0": 0.11861004428244444,
      "client_node1": 0.038330708164840625,
      "client_node5": 0.08270210863935307,
      "client_node7": 0.0674789712231611,
      "client_node8": 0.10651444602799756,
      "client_node9": 0.10666658730853339
    },
    "node2": {
      "client_node1": 0.09217159247748487,
      "client_node2": 0.05218661604144009,
      "client_node3": 0.12959924112627338,
      "client_node7": 0.10715541790853167,
      "client_node9": 0.11683048498896545
    },
    "node3": {
      "client_node0": 0.11634706445300605,
      "client_node1": 0.11293565977362213,
      "client_node6": 0.11330457433721716,
      "client_node8": 0.10366733464962805
    },
    "node4": {
      "client_node0": 0.08886784998104963,
      "client_node2": 0.10257641846519125,
      "client_node4": 0.037153294957998156,
      "client_node5": 0.08229973321930027,
      "client_node7": 0.03217328272611716,
      "client_node8": 0.10703612992200925
    },
    "node5": {
      "client_node0": 0.1153938196796254,
      "client_node2": 0.053458228283962676,
      "client_node3": 0.06672490719911367,
      "client_node5": 0.13245015988318232,
      "client_node6": 0.10555000486639624,
      "client_node7": 0.08265167421583756,
      "client_node9": 0.1386848554721203
    },
    "node6": {
      "client_node0": 0.14711059513537736,
      "client_node2": 0.06525912330365606,
      "client_node3": 0.08457654083832311,
      "client_node5": 0.13498075911643764,
      "client_node7": 0.08481780384357389,
      "client_node8": 0.09481002640936129
    },
    "node7": {
      "client_node0": 0.08773146514924364,
      "client_node1": 0.045171133348082745,
      "client_node2": 0.10739470839228991,
      "client_node5": 0.08817752403765353,
      "client_node6": 0.09092985435463667,
      "client_node7": 0.044797333486015146,
      "client_node8": 0.09187574796418935,
      "client_node9": 0.09647269842846873
    },
    "node8": {
      "client_node0": 0.12159135492880821,
      "client_node1": 0.09618217728867204,
      "client_node4": 0.11558288901111813,
      "client_node5": 0.14810313716550122,
      "client_node7": 0.10660375779938727,
      "client_node8": 0.05496141655606728,
      "client_node9": 0.08193071172836032
    },
    "node9": {
      "client_node0": 0.09716822638085332,
      "client_node2": 0.11219109569136458,
      "client_node4": 0.1182849392741876
    }
  },
  "replica_placements": {
    "dnn1": [
      {
        "node_name": "node0",
        "platform_id": 49,
        "platform_type": "rpiCpu"
      },
      {
        "node_name": "node0",
        "platform_id": 50,
        "platform_type": "rpiCpu"
      },
      {
        "node_name": "node0",
        "platform_id": 51,
        "platform_type": "rpiCpu"
      },
      {
        "node_name": "node1",
        "platform_id": 53,
        "platform_type": "xavierCpu"
      },
      {
        "node_name": "node1",
        "platform_id": 54,
        "platform_type": "xavierCpu"
      },
      {
        "node_name": "node1",
        "platform_id": 55,
        "platform_type": "xavierCpu"
      },
      {
        "node_name": "node2",
        "platform_id": 63,
        "platform_type": "pynqFpga"
      },
      {
        "node_name": "node3",
        "platform_id": 64,
        "platform_type": "rpiCpu"
      },
      {
        "node_name": "node3",
        "platform_id": 65,
        "platform_type": "rpiCpu"
      },
      {
        "node_name": "node3",
        "platform_id": 66,
        "platform_type": "rpiCpu"
      },
      {
        "node_name": "node4",
        "platform_id": 68,
        "platform_type": "xavierCpu"
      },
      {
        "node_name": "node4",
        "platform_id": 69,
        "platform_type": "xavierCpu"
      },
      {
        "node_name": "node4",
        "platform_id": 70,
        "platform_type": "xavierCpu"
      },
      {
        "node_name": "node5",
        "platform_id": 78,
        "platform_type": "pynqFpga"
      },
      {
        "node_name": "node6",
        "platform_id": 79,
        "platform_type": "rpiCpu"
      },
      {
        "node_name": "node6",
        "platform_id": 80,
        "platform_type": "rpiCpu"
      },
      {
        "node_name": "node6",
        "platform_id": 81,
        "platform_type": "rpiCpu"
      },
      {
        "node_name": "node7",
        "platform_id": 83,
        "platform_type": "xavierCpu"
      },
      {
        "node_name": "node7",
        "platform_id": 84,
        "platform_type": "xavierCpu"
      },
      {
        "node_name": "node7",
        "platform_id": 85,
        "platform_type": "xavierCpu"
      },
      {
        "node_name": "client_node0",
        "platform_id": 0,
        "platform_type": "rpiCpu"
      },
      {
        "node_name": "client_node0",
        "platform_id": 1,
        "platform_type": "rpiCpu"
      },
      {
        "node_name": "client_node1",
        "platform_id": 4,
        "platform_type": "xavierCpu"
      },
      {
        "node_name": "client_node1",
        "platform_id": 5,
        "platform_type": "xavierCpu"
      },
      {
        "node_name": "client_node2",
        "platform_id": 14,
        "platform_type": "pynqFpga"
      },
      {
        "node_name": "client_node3",
        "platform_id": 15,
        "platform_type": "rpiCpu"
      },
      {
        "node_name": "client_node3",