{"_wandb":{"runtime":28},"lr":0.001,"val/loss_ce":1.451545305900714,"val/regret":2.9612782701412628,"_timestamp":1.7657462576462076e+09,"_step":0,"epoch":0,"train/loss_ce":1.405110028386116,"_runtime":28.037139191,"val/regret_pct":-127.74699612855628,"val/acc":0.012658227848101266}