{"val/regret_pct":-202.80827932004033,"_timestamp":1.7657498710190907e+09,"val/loss_ce":1.4827252105821538,"epoch":0,"lr":0.001,"_runtime":9.768867592,"train/loss_ce":1.4565467149019242,"val/acc":0.012658227848101266,"val/regret":4.236451597695016,"_step":0,"_wandb":{"runtime":9}}