{"val/loss":5.407866784870307,"_timestamp":1.7601096759595375e+09,"train_dataset_ids":["ds_0086","ds_0137","ds_0184","ds_0005","ds_0124","ds_0234","ds_0194","ds_0172","ds_0015","ds_0010","ds_0157","ds_0037","ds_0016","ds_0212","ds_0247","ds_0067","ds_0272","ds_0126","ds_0139","ds_0269","ds_0193","ds_0195","ds_0018","ds_0114","ds_0208","ds_0082","ds_0200","ds_0101","ds_0175","ds_0055","ds_0109","ds_0213","ds_0038","ds_0164","ds_0093","ds_0057","ds_0255","ds_0140","ds_0180","ds_0031","ds_0258","ds_0078","ds_0192","ds_0125","ds_0242","ds_0115","ds_0158","ds_0112","ds_0181","ds_0113","ds_0165","ds_0069","ds_0117","ds_0002","ds_0104","ds_0076","ds_0116","ds_0148","ds_0152","ds_0096","ds_0170","ds_0266","ds_0183","ds_0227","ds_0118","ds_0074","ds_0229","ds_0029","ds_0246","ds_0219","ds_0248","ds_0179","ds_0132","ds_0159","ds_0185","ds_0065","ds_0167","ds_0085","ds_0182","ds_0012","ds_0035","ds_0028","ds_0271","ds_0263","ds_0051","ds_0095","ds_0177","ds_0197","ds_0041","ds_0231","ds_0186","ds_0136","ds_0026","ds_0273","ds_0141","ds_0265","ds_0000","ds_0244","ds_0100","ds_0220","ds_0215","ds_0098","ds_0036","ds_0061","ds_0150","ds_0199","ds_0223","ds_0204","ds_0011","ds_0276","ds_0241","ds_0027","ds_0275","ds_0004","ds_0122","ds_0032","ds_0173","ds_0162","ds_0178","ds_0218","ds_0138","ds_0062","ds_0135","ds_0128","ds_0278","ds_0232","ds_0070","ds_0260","ds_0064","ds_0044","ds_0224","ds_0156","ds_0040","ds_0123","ds_0225","ds_0153","ds_0023","ds_0230","ds_0226","ds_0081","ds_0039","ds_0202","ds_0254","ds_0047","ds_0094","ds_0233","ds_0250","ds_0201","ds_0161","ds_0043","ds_0145","ds_0190","ds_0211","ds_0003","ds_0105","ds_0053","ds_0133","ds_0001","ds_0236","ds_0103","ds_0049","ds_0163","ds_0080","ds_0205","ds_0034","ds_0251","ds_0007","ds_0171","ds_0198","ds_0256","ds_0110","ds_0091","ds_0083","ds_0129","ds_0052","ds_0089","ds_0008","ds_0013","ds_0059","ds_0088","ds_0131","ds_0017","ds_0166","ds_0072","ds_0274","ds_0134","ds_0249","ds_0228","ds_0267","ds_0063","ds_0243","ds_0054","ds_0107","ds_0050","ds_0261","ds_0174","ds_0253","ds_0189","ds_0014","ds_0207","ds_0187","ds_0169","ds_0058","ds_0048","ds_0235","ds_0252","ds_0021","ds_0160","ds_0191","ds_0257","ds_0149","ds_0130","ds_0151","ds_0099","ds_0087","ds_0214","ds_0121","ds_0279","ds_0020","ds_0188","ds_0071","ds_0106","ds_0270","ds_0102"],"data/num_datasets_total":280,"data/num_train":5,"test_dataset_ids":["ds_0033","ds_0108","ds_0240","ds_0259","ds_0154","ds_0009","ds_0146","ds_0203","ds_0144","ds_0155","ds_0221","ds_0092","ds_0222","ds_0209","ds_0042","ds_0210","ds_0066","ds_0090","ds_0119","ds_0142","ds_0262","ds_0268","ds_0206","ds_0238","ds_0046","ds_0077","ds_0068","ds_0075","ds_0216","ds_0277","ds_0045","ds_0111","ds_0060","ds_0217","ds_0143","ds_0030","ds_0022","ds_0024","ds_0127","ds_0176","ds_0079","ds_0264","ds_0237","ds_0120","ds_0196","ds_0245","ds_0168","ds_0006","ds_0239","ds_0073","ds_0084","ds_0056","ds_0025","ds_0097","ds_0147","ds_0019"],"_step":4,"lr":0.001,"data/num_test":56,"train/loss":3.0187217235565185,"_runtime":0,"epoch":4,"val/acc":0.2096580168413817,"_wandb":{"runtime":0},"best_val_acc":0.2096580168413817}