{"_step":1,"val/regret_pct":-95.67698179920457,"train/loss_ce":1.4425615400075913,"_timestamp":1.7657494077601516e+09,"val/loss_ce":1.4708244710028926,"val/regret":2.3591916785726332,"lr":0.001,"_wandb":{"runtime":12},"_runtime":12.552595096,"val/acc":0.012658227848101266,"epoch":1}