{"_wandb":{"runtime":12},"lr":0.001,"epoch":1,"_timestamp":1.7657486588551717e+09,"val/regret_pct":-122.71906932670008,"_runtime":12.810453016,"val/acc":0.012658227848101266,"val/regret":2.6423860360316023,"val/loss_ce":1.4724835919428476,"_step":1,"train/loss_ce":1.4444392383098603}