{"val/regret_pct":-134.69007014714876,"_timestamp":1.7657505713750997e+09,"val/regret":3.5213523269626523,"epoch":0,"_wandb":{"runtime":9},"_step":0,"val/loss_ce":1.4834167165092276,"train/loss_ce":1.4569777607917787,"_runtime":9.762018946,"val/acc":0.012658227848101266,"lr":0.001}