{"val/regret_pct":-110.06252245713591,"epoch":0,"_timestamp":1.7657507821065612e+09,"val/loss_ce":1.4829583032221734,"val/acc":0.012658227848101266,"lr":0.001,"train/loss_ce":1.4570697784423827,"val/regret":2.38450749950294,"_wandb":{"runtime":9},"_runtime":9.699041947,"_step":0}