{"val/loss_ce":1.4729152782053887,"_timestamp":1.765748344192062e+09,"train/loss_ce":1.4446592330932617,"lr":0.001,"_wandb":{"runtime":13},"val/acc":0.012658227848101266,"val/regret_pct":-134.22628255038052,"_step":1,"epoch":1,"val/regret":3.1803638821895595,"_runtime":13.129347747}